{"cameraMode":{"drawMode":0,"name":"Shaded","section":"Shading Mode"},"sceneLighting":true,"audioPlay":false,"sceneViewState":{"showFog":true,"showMaterialUpdate":true,"showSkybox":true,"showFlares":true,"showImageEffects":true,"showParticleSystems":true},"in2DMode":false,"pivot":{"x":4.25571346282959,"y":1.679304599761963,"z":-3.7844083309173586},"rotation":{"x":-0.07710486650466919,"y":0.5589762330055237,"z":-0.0523090660572052,"w":-0.8239321708679199},"size":0.578978419303894,"orthographic":false}