{"cameraMode":{"drawMode":0,"name":"Shaded","section":"Shading Mode"},"sceneLighting":true,"audioPlay":false,"sceneViewState":{"showFog":true,"showMaterialUpdate":true,"showSkybox":true,"showFlares":true,"showImageEffects":true,"showParticleSystems":true},"in2DMode":false,"pivot":{"x":1.2505619525909424,"y":-0.08632338047027588,"z":-2.6702446937561037},"rotation":{"x":-0.1984889656305313,"y":0.5128539204597473,"z":-0.1232285127043724,"w":-0.8260737061500549},"size":3.7578835487365724,"orthographic":false}